imgPlaqueName,plateNumber,nation,departement
2000d912dd.png,VJ295QL,F,61
2000fe8689.png,GX136CS,F,67
20009ebc34.png,LM953RQ,F,71
200046aee6.png,SO020NB,F,09
200083367d.png,PV370AQ,F,65
20007eeaf7.png,YR863DS,F,81
20009c685a.png,IY275RY,F,14
2000035fdd.png,PR090ED,F,79
2000fe8e52.png,UD239XI,F,49
2000693005.png,OR189JI,F,66
2000503fde.png,BQ544MD,F,2A
2000749710.png,LH750MB,F,85
20000ddc8d.png,PN786IO,F,90
200098a5c6.png,ID941AY,F,42
200078983b.png,MW327OS,F,17
2000ed4d8e.png,QU506ZJ,F,47
2000aa8a04.png,QS981NK,F,84
2000ed55c7.png,MM134YB,F,973
200025d657.png,OR405TH,F,87
20003f3bf8.png,EJ296UA,F,32
20000ae3c0.png,OD755DR,F,86
20003f960b.png,QP303WV,F,14
20005f2ac5.png,IZ959UH,F,64
2000aacdbc.png,VO027OI,F,66
2000dde6c0.png,IW893KZ,F,76
200060d23b.png,ZB681ST,F,87
20007dbb6f.png,QR972CN,F,28
2000c3805e.png,DL911RE,F,34
2000fa73c4.png,PG891RP,F,14
20004a5ae7.png,GH909DC,F,972
2000ca7b54.png,BA164LN,F,39
200082377a.png,UT218AF,F,04
2000b4c972.png,AH740LJ,F,50
20004f0862.png,ZM887SY,F,57
2000179e12.png,BL851RZ,F,18
200091750f.png,PH147XL,F,34
20002139c6.png,PU438DU,F,25
200002a733.png,EO058CB,F,63
20009afba4.png,DZ552YI,F,03
2000e47f23.png,EW756EJ,F,13
2000cd5820.png,DW836TJ,F,82
20006e781b.png,PL879RS,F,47
20009376ef.png,FQ911HU,F,987
2000e8e445.png,CY759BL,F,15
20001c0443.png,CR785EB,F,2B
2000727ba5.png,VD887YE,F,83
200043675d.png,BZ690XH,F,971
2000ccd312.png,LD690AL,F,08
2000dea720.png,GT693NO,F,18
200061436f.png,BD807ZL,F,08
2000f5809b.png,BB648PT,F,92
2000f7b68b.png,LO646YC,F,10
20002da022.png,KL652BW,F,39
200047bce2.png,VV988SB,F,65
2000cad194.png,YS539WJ,F,09
20007b8219.png,MI639DK,F,43
20007daf9d.png,XY794GC,F,81
200099a713.png,RC428NG,F,41
2000e6432b.png,MF363KY,F,88
2000d8b440.png,CI149CP,F,85
2000dbf8df.png,RD958VG,F,72
20008896ad.png,GQ089QE,F,976
2000c32fb4.png,VX791QG,F,17
200009eba4.png,YM717SQ,F,28
2000bdb856.png,SB486SR,F,88
200016525a.png,BU973EM,F,18
2000ca7e6d.png,EV925OK,F,49
2000e5ec87.png,GR462CF,F,14
20006c2301.png,RP842SO,F,84
20003340b1.png,YD701GR,F,2B
2000ff7860.png,MM618NK,F,52
200000890a.png,BQ256BB,F,83
20003c63b6.png,RY215XW,F,83
2000f655c6.png,VA480LU,F,67
2000f68855.png,BM158BM,F,05
2000b6d447.png,QG516IV,F,19
2000914074.png,WK867YJ,F,53
2000b71cca.png,BU563EJ,F,09
2000522be8.png,XE878IP,F,42
2000f1573f.png,LM470SB,F,972
20005f9f03.png,UM276UZ,F,45
2000ad9db8.png,BB706WQ,F,56
20009d67e4.png,JE505UO,F,61
20001080c4.png,DQ107SN,F,34
2000a4b189.png,WX944IW,F,45
200028a291.png,BH051WN,F,39
200038f2c3.png,PR071ZO,F,36
20003ea290.png,WU562PA,F,11
20006e3119.png,EF296VX,F,89
2000e3d04c.png,WR052DO,F,68
2000b61d1e.png,SK014TT,F,45
2000f55755.png,MJ973DK,F,78
2000932ba8.png,LI452UQ,F,29
2000e10169.png,RF983LR,F,52
2000dd4d80.png,KO824ED,F,34
20004a4733.png,ZQ994NL,F,41
20001c91a8.png,HB329XE,F,14
20001a952f.png,NA051RD,F,31
2000612349.png,WC793JY,F,94
200007a1c9.png,FT693BT,F,36
2000dde093.png,UH927CR,F,89
200012b81b.png,ZN122UZ,F,17
200055ff95.png,WH057AZ,F,88
200047870c.png,FA949WI,F,89
2000ae47b0.png,MT156LZ,F,11
2000528598.png,RE684UY,F,61
2000343bcc.png,LY531MA,F,92
200076bbca.png,DQ917FB,F,58
200011e061.png,IA898ZW,F,89
2000c91892.png,SW860XY,F,09
2000f306c1.png,IC604EH,F,33
2000681cb7.png,OP065IR,F,25
20004a2bd6.png,FR582YX,F,40
20003ff3f8.png,XR128BM,F,37
20000f4d57.png,BB105HY,F,91
2000ca614f.png,DP003TJ,F,84
2000fd3043.png,TU138ON,F,33
200017b760.png,BV896EU,F,92
20005138b1.png,DX269KO,F,976
20006832c2.png,HT816FZ,F,94
20009b1a03.png,EL959IU,F,92
20004143b4.png,YF283HK,F,95
200075f23e.png,YX230SK,F,976
20007f8763.png,VS466QJ,F,37
20006a226c.png,WF926BK,F,14
2000d7dc1c.png,VR114FR,F,75
200067c31d.png,VE667IQ,F,60
20002b76ee.png,AZ750CU,F,38
20006a378b.png,WO158DG,F,89
20008043e4.png,XC516HX,F,972
2000f52d86.png,GK900HA,F,83
2000c80455.png,RR826QF,F,91
20009b3b4e.png,ID619AO,F,22
200011e8fd.png,FW524XM,F,53
20007e3cc2.png,YK080VM,F,60
2000e3d815.png,WF679US,F,87
20009166cb.png,ZN592JP,F,47
2000e01348.png,YS864FT,F,32
2000485b04.png,ZS672NO,F,16
200019bbcb.png,HQ257UT,F,987
20006818ca.png,NE581LV,F,18
200092bc3c.png,GR912YO,F,37
200069f466.png,NZ202JN,F,68
200006c7b4.png,LT311XX,F,75
2000d377fa.png,NI444EU,F,79
2000896b38.png,KN336OT,F,71
2000910ce8.png,XN025CR,F,03
2000716ec6.png,BU631SY,F,50
200088e0e7.png,EW086ZK,F,73
20005ec869.png,PB220AD,F,51
2000ea18b6.png,RP834EU,F,18
2000748b40.png,PZ938ZW,F,30
20004cdc52.png,CY284LX,F,68
2000153f60.png,SP042JI,F,32
200064961d.png,XK470WY,F,71
2000048fdc.png,FM220WJ,F,29
2000d73a91.png,GG496DK,F,51
2000896fec.png,MM020LE,F,2A
2000a4fb34.png,UG277HR,F,38
20008ecafd.png,EH980OU,F,60
2000515714.png,DS774QY,F,26
200076012c.png,WM361JC,F,19
2000c677e1.png,SU449BB,F,50
2000efd88a.png,YB742PC,F,19
200070853f.png,JJ608HV,F,17
2000496ff0.png,JR300PE,F,75
2000b17176.png,PH490LV,F,66
2000b36cc7.png,JV031EW,F,74
2000ef8c27.png,BX831XH,F,85
200013f2f9.png,LU801RH,F,94
2000bd3bde.png,NX805LR,F,35
20009d6ea0.png,HZ368SW,F,971
2000241ae7.png,VU958YU,F,80
20001a9f66.png,AC858HE,F,47
20001e4e0a.png,FC684QZ,F,09
2000eb7df2.png,GY553JF,F,31
2000fc4187.png,GC080KE,F,62
2000a92fd9.png,OM699SC,F,82
200006922d.png,KG302PQ,F,92
2000d203dd.png,FZ265QA,F,09
2000aeac94.png,NF418AL,F,05
2000592e86.png,AN989UM,F,40
200034e6cf.png,XK529BY,F,45
20007ba5bc.png,UL747AV,F,973
20001cb1a5.png,SV060HT,F,01
2000a8f2f0.png,JW607VT,F,27
2000d57891.png,YD197MV,F,71
20003edc9c.png,PG815FN,F,94
200007b81b.png,VP028GA,F,11
20004d2d5e.png,BC103GY,F,70
2000ada560.png,RW841VK,F,34
2000b2e63d.png,EH111HD,F,64
20001981bf.png,XY582YN,F,81
20009e7ac3.png,BG281ML,F,24
20003c4496.png,VE820IL,F,19
20008a258c.png,EU954VT,F,48
2000516702.png,YD831SM,F,40
20003ad3d8.png,EH448JF,F,2B
2000c378f3.png,WT999UE,F,94
2000022b4a.png,QP216OW,F,31
200065d6b0.png,YY537YV,F,05
20004db6cc.png,SZ409BA,F,91
2000910e86.png,OE289NQ,F,75
2000ef522d.png,XY010AV,F,38
20001639b3.png,OI930BM,F,33
2000a4dfd7.png,MA273SC,F,61
200022e328.png,GR310IP,F,95
200063b340.png,BB798PI,F,72
2000b53d1c.png,JV001PX,F,95
20004f461c.png,AV950VO,F,39
2000eab457.png,EU115WJ,F,91
2000743d9b.png,JA543SP,F,38
20005933be.png,XB593PK,F,80
200052b9ae.png,WS478OW,F,39
2000a32a8b.png,MQ842TR,F,24
20000e7b5c.png,QD878OI,F,48
2000043188.png,XH125FU,F,81
20000c8988.png,SL203UE,F,48
2000be4185.png,HK983WN,F,10
2000c6ccd5.png,UO590KM,F,51
20009812fd.png,GP994YJ,F,12
20002b6f6b.png,EU548PF,F,28
200008153e.png,TW180GJ,F,08
200071e504.png,PI738TL,F,02
2000ebdba3.png,XC976MP,F,35
20006008c5.png,IJ361IU,F,39
2000b9c4e9.png,TO924EF,F,79
20004ee4f5.png,WN152LG,F,48
2000207196.png,CM845FG,F,40
20005f3f8d.png,GD199QI,F,24
20001df825.png,SU384RQ,F,63
2000ae2b59.png,PQ471RZ,F,83
2000e78f4e.png,BS340LK,F,55
20005dcc3f.png,RW893MK,F,973
20006cb786.png,CX630BQ,F,976
20003f83a7.png,VN098IM,F,52
20000df79e.png,BC944OX,F,93
200097b4e7.png,MC106XZ,F,42
2000d4956c.png,ZP353NP,F,92
2000cd00d5.png,QU699PZ,F,45
20001a6017.png,RH456FU,F,27
2000cb6244.png,EK378LD,F,73
2000383b39.png,IC169XD,F,24
200093df70.png,CR225HR,F,54
20006a01d5.png,IC768BE,F,89
2000dd0346.png,UZ082SM,F,69
200049fe42.png,LQ427KZ,F,69
2000fb1856.png,IZ190TV,F,972
2000a5bbe4.png,AW191VC,F,93
2000e8eda5.png,OY688ZK,F,63
200074a15a.png,ZS568JA,F,41
2000607233.png,KT896SR,F,93
2000afd865.png,WX610EP,F,22
2000acf12b.png,DE253AL,F,75
2000c52f85.png,ZX095EH,F,64
2000e2e481.png,VX522MO,F,62
2000721098.png,ND765PU,F,95
2000cdd904.png,YA517RN,F,76
2000a5483e.png,CH641KR,F,60
20001381b8.png,IB878CI,F,63
20008de67a.png,DO117SE,F,24
200098384c.png,DZ683KB,F,26
20006ec9d3.png,MC534SH,F,48
20000b050e.png,VA734VJ,F,38
2000e0b09e.png,EF613VZ,F,61
20001bcd39.png,UD790FA,F,28
2000e75be6.png,KH579EN,F,73
20003eba4b.png,GB152QS,F,35
200006d693.png,XX998IF,F,25
2000df1b89.png,YD560BN,F,81
200052ec31.png,RH387NC,F,34
20005fe9f9.png,RK736HZ,F,82
20002f7bd9.png,ZV882LG,F,75
2000146589.png,IZ234IH,F,05
2000a9d917.png,UN075OZ,F,72
20001b6afa.png,AA141NT,F,84
200003a542.png,FG669XX,F,23
200052b69d.png,WZ223TX,F,54
200006305a.png,SG739EQ,F,63
2000c4f3af.png,KM689SS,F,45
2000e696eb.png,XL023OZ,F,91
2000e3a2eb.png,XW919HK,F,62
20007e80b9.png,WC697ZR,F,35
20007dbd4e.png,IN951DK,F,32
2000792dae.png,MX154VQ,F,2B
2000e8f327.png,QW189BX,F,75
2000035b18.png,GW220FS,F,02
20005a02ee.png,XJ114OA,F,38
20003ce32f.png,UG771KU,F,987
2000dd7524.png,XK126NJ,F,27
200034c245.png,AR978UB,F,37
20003c4c74.png,UN779QZ,F,36
2000c9e69b.png,NC980HW,F,19
2000d564bf.png,SN445WI,F,23
200016f97b.png,CT084DX,F,2A
2000bf23ce.png,LT756OL,F,59
2000c359a0.png,SB820TK,F,21
2000210437.png,MR993DM,F,971
20005bbc22.png,RS368SX,F,27
20008d82f8.png,OC669HF,F,21
2000239676.png,YJ070VS,F,74
2000fbad6e.png,ZY629AV,F,66
2000feeccf.png,PW923ZV,F,31
2000f3dfff.png,EE478PB,F,82
2000503a44.png,DB062BH,F,01
200012f8b9.png,FF918PS,F,08
2000adfa78.png,GY255VL,F,30
2000386626.png,TW737SJ,F,44
20009ad9f6.png,AJ378NW,F,25
200035a6fd.png,PN432PZ,F,10
2000b91359.png,KM455FL,F,90
2000c3197a.png,UR237HM,F,74
20003e4206.png,RD976MV,F,09
2000866b36.png,CZ683EM,F,89
20004a20a5.png,HI252DK,F,67
2000e4eeb8.png,AP277UI,F,25
20006885a6.png,HC977DA,F,07
200085d5e0.png,JC444FF,F,77
2000dbbf81.png,VB474PQ,F,78
2000ce6885.png,DL326RL,F,72
2000400c24.png,IS861OC,F,23
20006faf26.png,RK150VM,F,16
200024a032.png,GF888OH,F,46
2000b7659e.png,OX486EJ,F,88
2000a9eae7.png,ZS955MR,F,85
2000851a42.png,JT295AX,F,72
2000bcdd18.png,ZG025VX,F,06
2000d35a22.png,GB349TI,F,27
2000abf34d.png,UY084BO,F,89
20002047cb.png,XP477TN,F,43
200040859e.png,WB900AY,F,92
2000a52782.png,TF227TH,F,06
2000cc3849.png,FG722BR,F,29
2000034065.png,KF195WJ,F,58
2000e8a42f.png,WL302VQ,F,11
200079ad3f.png,QP233XA,F,971
2000ae5988.png,JK457RY,F,57
2000902d47.png,EK427IO,F,19
200070f830.png,JB652AR,F,43
2000568cc6.png,HY184MZ,F,44
20002fe0b5.png,IL210DD,F,57
2000acf931.png,LW795KB,F,69
2000260702.png,TI924RS,F,69
2000888718.png,GO469FW,F,13
2000db90f0.png,GR054WK,F,81
200036dd03.png,NE057FE,F,49
200091278e.png,CB653SE,F,40
200001c299.png,NQ881NU,F,40
20008d8e94.png,AI387DA,F,48
200083e621.png,GX558YB,F,971
2000d363b8.png,QV595VF,F,43
2000a4a1da.png,AH284YN,F,976
20002d8b6b.png,SW640OG,F,47
2000761ef4.png,XC193IY,F,88
2000ce559a.png,OQ048GS,F,66
2000667a43.png,QX933TC,F,12
2000da5c1d.png,LZ175BA,F,32
2000e71a16.png,PM187WV,F,95
20007a81c9.png,RB487EB,F,83
20009e4ef6.png,XN506PE,F,30
200082a27b.png,PX326GG,F,83
20002ed2f4.png,XH616JM,F,974
2000c5a25b.png,LW815FG,F,71
20002a8169.png,JJ384YE,F,29
2000e6c992.png,ZB832XF,F,56
20005bafa1.png,GZ586VL,F,77
2000d7557d.png,BO261EO,F,60
2000db1a1b.png,DV619ZV,F,971
2000b62d02.png,XP628LC,F,51
20005c9531.png,BW917SX,F,50
2000d2326a.png,SE217BZ,F,91
20002efc2d.png,LK963OG,F,21
2000b69223.png,JU935CK,F,25
200096671b.png,BU450WC,F,34
200097e806.png,JO830RI,F,01
2000ee7d1c.png,GE965CJ,F,42
20002cad14.png,OS769AG,F,45
2000d9b0de.png,LS039YJ,F,2B
2000e7a813.png,LV481OG,F,81
200089be15.png,YA058OQ,F,91
2000ef07ae.png,GT589YI,F,09
2000c94e7f.png,SM110OG,F,976
2000392ea2.png,FP931VR,F,971
200008f065.png,EF359WO,F,95
2000fa5a56.png,JJ874QS,F,30
20003bae33.png,FK980AH,F,55
2000c57c3c.png,LO261IQ,F,04
2000d7b804.png,NS786GJ,F,41
2000669e8a.png,ME998VR,F,48
200079feaa.png,KL609GU,F,33
20005e0da0.png,FY301SX,F,88
20003e92a1.png,MD974IN,F,84
2000088c05.png,UM137JR,F,06
2000b246d4.png,KV467MT,F,974
20005cb131.png,YM843MC,F,25
2000e5f0fd.png,FA547WP,F,36
2000f1de6a.png,RS465MA,F,82
2000c9cf2a.png,QR648MU,F,54
2000de6e9a.png,CP846DN,F,91
2000665bd6.png,HV610NP,F,11
20005663b6.png,UJ640MV,F,86
20005f2c2e.png,DU091XB,F,46
200035c90b.png,VD442KG,F,53
200010546b.png,RJ197JW,F,44
2000b52dd4.png,GE695HI,F,50
2000b0fa8b.png,EY191YS,F,34
2000b9d9f7.png,IJ846VO,F,83
200089f9da.png,BI534SZ,F,24
2000351334.png,YP481RP,F,59
200074883c.png,IU936CS,F,02
200018856f.png,XL820NM,F,2A
20008392c3.png,LW481KG,F,40
2000608a20.png,QX114CW,F,91
2000d5b654.png,SM143YZ,F,59
2000f72f34.png,PS648LO,F,90
2000c51411.png,AZ364UA,F,01
2000f06f3c.png,KP047DW,F,54
2000fc40b7.png,WF996WW,F,54
2000bdeda5.png,TD697GF,F,87
2000f34516.png,IK797SE,F,05
2000b6e1a4.png,JD517PM,F,28
2000abc6a1.png,YU198LH,F,53
20002eaf00.png,WR638IK,F,03
2000f1ff11.png,VA045AH,F,2B
2000b97ea4.png,TP016KL,F,25
2000712599.png,XR019BJ,F,57
20000c5791.png,RW394SB,F,71
2000f3a486.png,TJ443ZF,F,39
200086126f.png,JC710VU,F,69
2000355f15.png,SQ391UT,F,19
20009add1a.png,XU843BG,F,46
20004f3dae.png,WA938IG,F,30
200091d11b.png,EZ653AX,F,29
200066bacb.png,BD737JW,F,01
2000443d79.png,EQ693OS,F,29
20008e023e.png,XW010MK,F,27
20005d355b.png,PG270MQ,F,63
20002b2749.png,MS642FK,F,29
2000cb4e7b.png,WA810SF,F,26
2000cef922.png,KB507CG,F,79
2000a6546b.png,AR520PA,F,10
200020b03b.png,MW170GQ,F,976
20002eca53.png,GT201IC,F,36
20008b32b2.png,IX443BM,F,17
2000cb53c9.png,SU133LB,F,60
2000ecdaf5.png,FM697BF,F,04
20002be8ef.png,LL275YH,F,12
2000b52923.png,EQ192XX,F,86
200087e4bf.png,BI879FT,F,35
200049b44c.png,VI851SK,F,63
200015f045.png,VX563VE,F,66
2000f5ea8b.png,TO287JJ,F,47
2000a07858.png,TW414EP,F,93
200008ba3e.png,CS391CW,F,42
2000626bd8.png,VH115MV,F,976
2000e385b2.png,OR934EO,F,13
20003b25fb.png,DE981QD,F,2B
200071eae1.png,UI668XY,F,71
20000dc472.png,NI255CC,F,90
200060ad65.png,FR346QB,F,60
20005f1940.png,QE359HH,F,35
2000e8f894.png,TO289WB,F,75
2000523dba.png,XW148SW,F,2A
2000b77ae7.png,LH839BY,F,2A
20004a6234.png,SM699YT,F,80
2000a9f760.png,WU371UT,F,05
20002247a3.png,EC793LN,F,11
2000a48ee9.png,XL918CF,F,971
20001808b3.png,TM069QP,F,93
2000b91a3f.png,SF907HO,F,58
200039861d.png,ZA195AZ,F,55
2000588f3a.png,GB607RD,F,79
200001f225.png,LG992LB,F,67
20009ad5c2.png,CC508AZ,F,55
2000744e82.png,PC561WF,F,19
2000c02389.png,LV024MD,F,972
2000c40575.png,IE837SS,F,09
2000a7c775.png,WL577BS,F,47
200047d38b.png,YW066NN,F,71
2000517390.png,AV907LC,F,47
2000b04d03.png,LW483VY,F,44
200088e135.png,HX213JP,F,12
20008cb475.png,QO695VC,F,70
2000e3cd0f.png,HF182UN,F,31
200015a4d4.png,DY005IP,F,62
2000043723.png,QO379IL,F,13
200073e598.png,EF672NF,F,50
2000ca56b1.png,KN896QP,F,26
200039093c.png,HY754ND,F,47
200057280f.png,HS939TZ,F,93
200094160b.png,VN598FK,F,10
20002e1864.png,BL949LJ,F,55
200002dba9.png,ZM926CO,F,66
2000509962.png,FQ113PO,F,78
200058c4e9.png,VK893OT,F,37
20003fc818.png,GM431PL,F,2A
200074b912.png,RW923GD,F,48
2000643c6e.png,EC305GD,F,51
2000497511.png,AJ133BZ,F,92
2000aa51fd.png,TM233CO,F,40
20006b7515.png,JM376CA,F,19
200075b3f9.png,UA856ZY,F,987
2000898dad.png,OI675JJ,F,89
20009a29bf.png,EO720LF,F,46
20005b683f.png,RV366IY,F,90
2000be7f99.png,NP336NP,F,10
20003bd99c.png,GO253FP,F,81
2000611afe.png,SL535PN,F,06
200062b777.png,PS292GI,F,55
2000121aab.png,VK940HN,F,57
2000e8ff75.png,NS920QG,F,63
2000677b05.png,XO227KW,F,09
20006dbaaf.png,BA088QF,F,27
20006fd621.png,TO906QU,F,42
2000d22f3b.png,LX762SV,F,38
20005d48e7.png,ZT164OQ,F,16
2000507c36.png,PI327HN,F,60
20003f5b0b.png,GO878EO,F,78
2000cd03e5.png,TU091ZF,F,38
2000b212d8.png,WJ073PC,F,972
2000001ae9.png,ID902YQ,F,79
20003ed9f1.png,JF853VB,F,88
2000105002.png,VG823NM,F,64
20008b4a35.png,HX522SX,F,75
2000fc321b.png,CQ345ER,F,972
2000c8fe9d.png,IA206XW,F,45
2000adfba7.png,OT752SZ,F,93
2000061478.png,JH021EL,F,34
20008a77b5.png,DB710EN,F,89
200086027d.png,BK201SD,F,974
2000c66c0c.png,MZ508BG,F,974
2000f6f284.png,DO820TV,F,95
2000ec144c.png,HU227LR,F,62
2000b269dd.png,IV739CB,F,75
20003fa0b6.png,IT485VY,F,58
20005f8c7a.png,CW001ZH,F,37
200065ee62.png,RW032JP,F,41
2000e0a122.png,AP374JL,F,51
20001faa6f.png,LV419XA,F,56
2000166ce4.png,VP748WH,F,71
2000df4313.png,YY889GC,F,07
2000e0e58b.png,PO465AA,F,83
2000256929.png,HL539DG,F,80
2000714015.png,IG752WK,F,16
2000982741.png,MH689DY,F,68
2000bcf3cb.png,FE276BX,F,91
200064cd4a.png,FA520IZ,F,77
20009530df.png,GG246JI,F,48
2000784d1b.png,RH404ZH,F,25
2000da40d7.png,OT214TK,F,28
20006defaa.png,BC490GD,F,47
2000a8bb75.png,KU779HY,F,10
20006f7ece.png,QH074MZ,F,08
20008bd7cf.png,US861PU,F,16
2000a95e01.png,ER449GV,F,50
2000680356.png,UR449YS,F,47
2000a74826.png,JS639YS,F,53
200002585c.png,SX112HE,F,79
2000dab210.png,LA687VV,F,07
200050d59e.png,XG071WQ,F,61
2000937f5a.png,UD146JQ,F,35
200042f469.png,KL783AD,F,73
20009023a7.png,MH996FJ,F,67
2000baf9e7.png,CT012YV,F,52
2000704bdc.png,FX573YA,F,08
20006d56be.png,YD609MU,F,47
2000d3d924.png,HV589GC,F,36
20009a0487.png,RO876OM,F,21
20008064e0.png,WK333EY,F,50
2000a25f3f.png,TI403KT,F,21
2000cbfd2d.png,KA417UW,F,62
20009c9e57.png,NI180DC,F,90
2000b0235f.png,CU208ED,F,16
20009a2c20.png,GH039RG,F,55
2000c154fd.png,JF177ZN,F,58
200069319e.png,OE271JD,F,2B
2000efeea9.png,AP850AG,F,70
200028aff0.png,XY091US,F,16
2000b9b620.png,FM313FL,F,76
20000d5461.png,AQ275SI,F,44
20008b55df.png,YP457CG,F,72
2000e63141.png,EB161HX,F,22
20009dd56f.png,PO464FX,F,972
2000f81a9e.png,FZ952XF,F,89
2000896825.png,TM633LR,F,2B
2000eb10ac.png,ZI022UR,F,32
2000f09502.png,FI202EB,F,45
2000eeaa84.png,WJ022FH,F,22
20004e27c0.png,RZ231HK,F,95
2000f77cca.png,TM943VE,F,48
2000572707.png,NI514ZY,F,59
2000168912.png,FR971WZ,F,73
200011ed2b.png,FD429IT,F,58
2000e90391.png,YY022SK,F,21
2000d29867.png,OM612DK,F,12
2000e2c200.png,VL093ZO,F,68
2000aaaa1c.png,VG795LO,F,59
20009a1dfd.png,AF946IH,F,86
2000596f63.png,PY491MH,F,57
20001d2eaa.png,DD654EG,F,34
2000b37bd3.png,SW282JR,F,55
20009e9987.png,GA916VL,F,57
2000db500e.png,IA444EP,F,19
20008fa745.png,CU496SO,F,95
2000f4e93e.png,KF290IS,F,16
20001f8386.png,XN423PS,F,17
20008517a8.png,GU285RM,F,67
200001ad43.png,DS782GD,F,18
2000053ff4.png,WC959IZ,F,93
20004a384e.png,NN540TI,F,33
20009d8803.png,ND105VC,F,76
200043b495.png,VA524ZY,F,37
2000b26b73.png,NX023SF,F,35
2000803651.png,SW678CQ,F,06
2000ec7020.png,JN663HH,F,49
20000429c7.png,OS704BA,F,12
2000f0244b.png,DS280ER,F,2A
200064f5ef.png,NM506EV,F,01
20005e51db.png,HW550XY,F,49
2000f9c138.png,EK912ZR,F,17
2000a42114.png,KA791TX,F,987
200047b68b.png,IE286DV,F,79
20005a0de7.png,OJ077CR,F,51
20001e0084.png,NP299MP,F,55
2000bb5b2d.png,PH449XP,F,33
2000e92925.png,PP207RG,F,19
20008fe6ca.png,WP340PJ,F,23
200048123b.png,DF753BU,F,78
2000826ac7.png,CR273DE,F,68
2000fda597.png,CF771SN,F,24
20001b1b41.png,RM956TP,F,86
2000275b6e.png,XX755TR,F,16
2000820e4c.png,BZ984LT,F,58
2000fe0dde.png,NY506FC,F,06
2000dcb582.png,FG592QL,F,69
2000a98f4e.png,SO166KN,F,08
2000885584.png,SJ420YD,F,35
200018fe5b.png,CK476IQ,F,31
20001f095c.png,VJ748VR,F,55
2000597300.png,YA708NK,F,89
2000dc50b7.png,LA424FZ,F,93
200003c5a4.png,UZ536MZ,F,02
20008ebd2d.png,MN159CE,F,11
2000327985.png,KG003JE,F,95
2000a3d820.png,SA540GT,F,67
20001103c5.png,OG104RK,F,48
2000d11de5.png,AO019NM,F,65
2000efd0c4.png,CV929FX,F,90
200050edf5.png,ZC763HQ,F,18
2000b3ba07.png,KV110OK,F,14
200027fdb4.png,VY229PH,F,972
2000710132.png,LH549WG,F,06
20004a07e0.png,GU321UJ,F,04
2000f1f815.png,IK801UM,F,2B
200031f92e.png,ID358TS,F,05
20003c5430.png,RC480UL,F,34
2000178898.png,IG932CO,F,12
2000b0bea3.png,XS580XQ,F,66
2000585ee9.png,CY330YR,F,83
200009c67f.png,EU045FZ,F,30
20003c62df.png,HO069FP,F,56
2000a33d33.png,TN153WE,F,10
200017dcbd.png,WN779CW,F,75
20002e1412.png,FH988HL,F,2B
2000a1dd29.png,GD731MM,F,28
2000d48ce2.png,MY010NE,F,66
200053ad64.png,CU074LV,F,48
2000423c78.png,WN850LL,F,60
200025c3bb.png,DA408YD,F,38
200013a14b.png,DR799WS,F,44
200037dba2.png,UQ438LR,F,35
2000225790.png,XH611HU,F,46
2000274b4c.png,RU058KS,F,92
2000b59f94.png,KQ949FB,F,78
2000165f10.png,GM111LM,F,39
2000a40e34.png,HB157FF,F,2B
2000aae7fb.png,GD202GF,F,08
2000ee3b21.png,OK273OE,F,31
200013d2d3.png,ZQ782ZS,F,2B
200011415e.png,MK503RR,F,94
200020fc47.png,WV992WL,F,47
20005a9c0d.png,OI182TR,F,65
20008e91cf.png,OY076EC,F,16
2000120ba8.png,OK342SP,F,80
20006caef7.png,IT253UH,F,28
200033c7ec.png,GV722QZ,F,52
2000f38dc7.png,OM103IY,F,08
2000262c6e.png,NI345EJ,F,43
2000a9f0a0.png,KO371FT,F,85
2000941685.png,QB357CV,F,05
20007f1425.png,PH552SW,F,32
200073a749.png,HH720WV,F,972
20009981c8.png,KD537QH,F,89
200056fc58.png,MB086IW,F,987
20001dbcb8.png,SI195WB,F,72
20003cba0a.png,FI300BN,F,76
200001e790.png,OR875WH,F,21
2000b629c3.png,SD376EX,F,45
20008f0e7f.png,XH301EU,F,78
2000ba4043.png,BW748KX,F,84
2000dcc1a3.png,TZ748CN,F,31
2000a7677d.png,BV287HN,F,67
2000349766.png,FK970OK,F,07
2000d70954.png,AM651AO,F,65
2000da4185.png,AU853BK,F,53
2000d3ca07.png,NN170FI,F,67
200092913e.png,WS841YM,F,11
2000d9c73f.png,UK362TW,F,56
200047a802.png,PA284WW,F,21
200037c3dd.png,JY466PV,F,95
2000daf64f.png,AW375EX,F,15
2000179787.png,DW897MT,F,57
20000ca84b.png,QQ962ZU,F,38
200088973d.png,MY263TR,F,75
20003935dc.png,PA283AM,F,26
2000d620e5.png,SG851KD,F,69
2000dc75ea.png,AZ382DJ,F,41
200065d198.png,UO101VB,F,47
2000bc02b0.png,WF243YV,F,07
2000ac0c3e.png,QT164PZ,F,61
2000678e75.png,RM442EG,F,22
20002a7390.png,BJ184WI,F,29
20009dbbe7.png,NL928PY,F,92
20007f7518.png,ML418DD,F,81
20005f5aa9.png,JT289UA,F,36
2000ac6a2a.png,JB891WU,F,26
20004c56b2.png,VR081KE,F,95
2000fe01cf.png,GS537ML,F,63
200082aad8.png,JZ569RB,F,2B
2000fad145.png,DC178DN,F,57
2000eefba8.png,DZ923NJ,F,26
2000059e76.png,LE452OJ,F,75
2000b7fce7.png,NM570UR,F,94
2000a15760.png,ML121UF,F,64
2000d95b54.png,KL543YY,F,53
20001143bd.png,AN817XM,F,91
20005d7bc6.png,VL608CS,F,974
20005862a0.png,GH555QH,F,52
2000b9ec53.png,CK022KX,F,71
20003167e2.png,PY976JF,F,87
20009e17b1.png,EO007BH,F,62
200013cd37.png,BR570FL,F,21
20009a5985.png,ER219ER,F,89
2000d366bc.png,NF961CQ,F,65
20008cd6d9.png,OH842UY,F,05
2000a5c061.png,RW868IV,F,88
200096f5d1.png,ZG827LO,F,987
2000138ba4.png,DM137UW,F,88
2000d20b75.png,BA814CS,F,45
2000375cbb.png,KN059CM,F,95
20004749c2.png,DK209KP,F,24
2000b7cba0.png,BW326WN,F,71
200063fc5b.png,RS629SB,F,11
2000ef0812.png,SF636GW,F,91
2000bcc5f6.png,VH415HO,F,31
2000f05df3.png,RU104AM,F,06
2000546dd8.png,SB264TV,F,71
200067d8ba.png,HQ083GH,F,22
20009db58c.png,PD372UT,F,01
200010f8f1.png,CE723RJ,F,94
2000b7fea0.png,BA446SO,F,56
2000e4d847.png,JF727SC,F,04
200064a488.png,OP091RG,F,55
20008a58e3.png,ZH679PH,F,34
200072821d.png,GZ717IK,F,41
2000ff55db.png,LW929ES,F,974
2000c5ea1d.png,DJ336DA,F,83
2000d6d831.png,LN964IC,F,86
2000b202a9.png,JX246LV,F,11
200012f661.png,AJ679WF,F,64
200033e554.png,KU114BO,F,51
2000625656.png,KN519TV,F,24
20006c22fa.png,DM340GK,F,55
200005f78c.png,XJ403ZJ,F,56
20006b833b.png,CH916DR,F,12
20000d943a.png,WX561UV,F,09
2000ad90df.png,DG376JC,F,68
2000dbde11.png,OQ961LI,F,02
2000aabc11.png,VG183UN,F,62
20001ab756.png,JO732NU,F,62
200005372b.png,VL195FT,F,09
2000d4e1ed.png,KF332XJ,F,39
2000d75b3a.png,FS346SI,F,58
2000f087dc.png,KJ055XE,F,37
2000021080.png,SZ665NG,F,39
2000cde943.png,QX044RT,F,72
2000b5d08c.png,DG044BC,F,39
20001fabff.png,DD881HE,F,47
2000c87158.png,DE258IW,F,70
200075588a.png,DV466EA,F,58
2000c46204.png,PF138JE,F,29
20000ad025.png,CW389PB,F,70
2000d274dd.png,ZM307EZ,F,04
20009094f9.png,GG507GZ,F,54
20001f1c54.png,IC299IM,F,973
20006818e8.png,DX085KL,F,67
2000931db6.png,IB580FA,F,70
2000c94570.png,GY040MZ,F,38
20009638d7.png,OJ145FL,F,93
20009dda38.png,JT911UX,F,04
200035a634.png,WB694AG,F,57
200068cb37.png,WE561BH,F,81
2000adb73b.png,HC397KY,F,39
20006500ba.png,OJ602QH,F,89
2000746673.png,LF641ZS,F,81
2000872a0b.png,FN849TA,F,32
2000abbefa.png,IQ145DO,F,972
20008da92f.png,MH485VG,F,50
20003bde2f.png,GH669BZ,F,36
20002aae67.png,TC716TQ,F,79
200055dd9d.png,KG380QH,F,11
20005dc45f.png,AK977DU,F,55
2000116354.png,PR412BS,F,69
20000b1678.png,CJ840JH,F,77
2000e984ac.png,AG263VC,F,62
2000a277f3.png,RN406IS,F,56
2000dc292a.png,FV586FV,F,88
2000bd9fb5.png,FA940OD,F,07
2000f71ae6.png,BX763LP,F,987
200092d81b.png,QT313WS,F,61
20007a8138.png,NF871EW,F,81
2000c71746.png,QJ527DM,F,82
2000742077.png,PT545TA,F,90
2000907512.png,CZ123AY,F,974
20009433bf.png,CJ060CB,F,24
2000cda2a5.png,QO766VQ,F,95
2000a507e8.png,SH896LI,F,971
2000236ee1.png,QO012TI,F,30
200015f621.png,IH802KB,F,60
20007a3f8a.png,DP903BQ,F,16
2000861bf9.png,RF168IC,F,77
20001d45fb.png,BJ263UW,F,69
2000506eab.png,TK895LC,F,65
2000afff13.png,BL768HH,F,05
2000645c12.png,SP513CI,F,44
2000265f51.png,LP254ZQ,F,46
20002ef8e4.png,SZ490OO,F,86
20000ef02d.png,IG476CX,F,61
20004746f8.png,WA574GF,F,72
2000e7e907.png,LQ538KL,F,36
200046c7b4.png,MG597HC,F,03
2000c8a144.png,BY041OT,F,37
2000c73dc1.png,LV646SY,F,45
200062ed7e.png,SG757UF,F,974
2000cc4bb2.png,MN668SN,F,54
20009b52e6.png,SH256DM,F,2B
2000e76c01.png,GZ827VX,F,2A
2000dd63ba.png,BM938RB,F,70
2000a1de02.png,MF487SG,F,90
200081a9dd.png,VS643QV,F,42
2000b580d2.png,JI082TN,F,94
2000aab2cf.png,BY777BJ,F,19
2000389ce1.png,PO056NZ,F,23
20006208ec.png,BF233JQ,F,77
200038f7a1.png,QW046UK,F,973
20005198b2.png,GY877PX,F,75
2000f9a493.png,RK997CX,F,01
2000dd4a67.png,RM508JL,F,37
2000e81509.png,HN800ID,F,23
2000f783d1.png,CI776ED,F,971
20001bce77.png,JR467AO,F,27
20004acaf2.png,CX939LA,F,70
20009cd334.png,PK782MR,F,55
2000ad7e32.png,CR078CI,F,55
2000615cfd.png,BS887ZB,F,56
2000c86862.png,XP384MX,F,62
200030d415.png,EU476WA,F,19
200060e36b.png,SO700TN,F,88
20003ebc01.png,AM611DK,F,79
2000acb65b.png,VI699DF,F,59
200051c063.png,RY018YE,F,53
2000807684.png,CC866RF,F,33
200010e95f.png,DH160CQ,F,32
20000c90f6.png,DO843JZ,F,13
20009f4640.png,UE788UP,F,72
20006fc5e6.png,SG784LB,F,87
2000b0b49e.png,UA922VI,F,987
200079a0c5.png,RH343AM,F,08
200070a2aa.png,GR133ZI,F,21
20007a4861.png,UM968IG,F,24
2000b5eec4.png,BF603UN,F,01
2000d87b07.png,SX923AU,F,42
2000861754.png,PA337KJ,F,28
200078f066.png,GF026FD,F,35
20009fc90e.png,KI677ZY,F,974
2000f2c3ad.png,VS336WX,F,77
2000938d58.png,MN364XF,F,58
20003bf11c.png,RT274RR,F,82
2000623e19.png,QO912QL,F,49
2000de8cb4.png,LH511WT,F,64
2000d236a9.png,YO810BD,F,08
2000a020a3.png,XC480ZY,F,28
2000185312.png,YF049TR,F,34
20008ff68b.png,LI795XO,F,49
20007145df.png,YA849CF,F,67
20002e5b37.png,QJ981UI,F,68
20003cfbba.png,TF812RF,F,15
20002498d1.png,EK937ST,F,53
20002caf1e.png,MS461ZU,F,70
200098b8f6.png,LT181GP,F,34
20002298e5.png,CS094TR,F,94
20002118dc.png,JA516WS,F,67
2000185bf7.png,ZK464MS,F,01
2000fcfe60.png,QF199UP,F,19
2000e51735.png,PR628KK,F,971
2000ea883a.png,AW572QT,F,79
200043c6b8.png,OA077DY,F,28
2000edd9c5.png,NF557DV,F,60
200017f301.png,WX222OY,F,07
20003f01d1.png,BT512SH,F,32
200068e032.png,TM185IV,F,60
2000a464d4.png,IV171LP,F,972
2000031b33.png,JB935VB,F,66
20007db101.png,HD002TY,F,77
200074f0ec.png,IJ873RQ,F,68
20005af5c5.png,ZR121IZ,F,52
20004d46bf.png,IQ025LV,F,14
20006883fd.png,VR216DG,F,971
200098149a.png,LK903DT,F,69
2000d45229.png,AF235GG,F,03
2000a5b8f3.png,ZQ686TW,F,50
2000c9cb4c.png,TF369GC,F,971
200043a618.png,PF004XB,F,16
2000c8c290.png,WH711AX,F,09
20003fdfa3.png,TW824YE,F,2B
20002dad5a.png,PK021TY,F,50
2000f8618c.png,TM223DM,F,14
2000bf0b4a.png,QI212RW,F,90
20005d9eb2.png,BD239QT,F,22
2000877eee.png,NH442BR,F,87
2000fd5fd4.png,FS367GI,F,34
20000e3b30.png,RF641YH,F,49
200045b1c9.png,XX390DF,F,2B
20007a0257.png,IY529AI,F,84
20009fd7ae.png,HL621EF,F,26
20007e0935.png,ES215HK,F,24
20000d4233.png,PO434RV,F,57
200024a9d3.png,XI155DG,F,39
20004edbba.png,JF235LH,F,66
2000426feb.png,DX498XK,F,80
2000638979.png,OM235AL,F,08
2000778dd7.png,YB712KG,F,81
2000ea93cf.png,DS488DD,F,93
20001e8982.png,YK523VI,F,69
2000697794.png,SS715JR,F,48
20001d1085.png,ZY694HO,F,54
20002e4873.png,RA215KU,F,973
2000e55155.png,EI137UU,F,85
200093dd12.png,TS138YN,F,42
20001af0c1.png,EF574JX,F,67
2000478514.png,DG569MC,F,15
200013d7d7.png,GQ403DJ,F,77
20001b27ec.png,VY285PJ,F,05
20006b0a8c.png,UY815FA,F,34
20003bbe2f.png,JA656KU,F,71
20009991b0.png,IJ426DW,F,35
2000fe1faf.png,QZ422SV,F,13
20003abe9a.png,JV577EM,F,33
2000cbbc8c.png,HR839MQ,F,14
20007bedd0.png,ZV398GA,F,976
2000df6fdc.png,SZ162CR,F,11
2000c3026a.png,UU886PF,F,41
2000acab09.png,FA362IX,F,75
200000e1ff.png,ED562PQ,F,80
2000e484ff.png,QM544BL,F,64
20008ed912.png,FD810XI,F,63
2000f8eeff.png,DK315ZB,F,50
2000e5c1ea.png,TD710GI,F,72
2000fa7421.png,WT840KT,F,58
20008fa318.png,OR522PU,F,93
2000f72304.png,TB948JQ,F,02
20000a3f10.png,IU016CC,F,77
200024d82e.png,QF731WS,F,72
2000555f52.png,EO855BR,F,90
2000db38f4.png,DQ255FT,F,95
2000b800e8.png,FH961XC,F,67
20002ea982.png,TL583SL,F,26
20008c8835.png,ZI252ZE,F,04
200073cb7a.png,XH279KW,F,81
20005e6b86.png,EN578YU,F,69
2000cd325d.png,VS789PE,F,52
2000291b24.png,UY806II,F,55
200052d4b6.png,LC863BM,F,04
200062299b.png,SJ146GR,F,973
20009db886.png,GU348NY,F,02
20000c127b.png,LB688KA,F,94
200056f861.png,WT651PB,F,972
20001b2392.png,ZK805WA,F,11
20009067f6.png,RV506XM,F,26
20004ac939.png,ZR322YB,F,47
2000d02774.png,UJ856TF,F,76
2000080bbd.png,NN918SP,F,84
2000098fcc.png,RX084GH,F,59
2000214fc2.png,DE648QB,F,976
20000fd52a.png,SF985AD,F,50
20002ef4ab.png,OD004MD,F,30
2000116b0f.png,GB471CS,F,81
20000aee82.png,AU986RF,F,68
200031b44b.png,YR135FB,F,41
20002665c7.png,JR191IO,F,01
